{
    "0": {
        "precision": 0.873875189849989,
        "recall": 0.5550181803513907,
        "f1-score": 0.6788702751926292,
        "support": 1735390.0
    },
    "1": {
        "precision": 0.6037490585713458,
        "recall": 0.99432888867686,
        "f1-score": 0.7513089477051736,
        "support": 167692.0
    },
    "2": {
        "precision": 0.0,
        "recall": 0.0,
        "f1-score": 0.0,
        "support": 160947.0
    },
    "3": {
        "precision": 0.09278239006737203,
        "recall": 0.43968525748685844,
        "f1-score": 0.15323015118158417,
        "support": 183388.0
    },
    "accuracy": 0.5386392467441512,
    "macro avg": {
        "precision": 0.3926016596221767,
        "recall": 0.49725808162877727,
        "f1-score": 0.3958523435198467,
        "support": 2247417.0
    },
    "weighted avg": {
        "precision": 0.7274009806784383,
        "recall": 0.5386392467441512,
        "f1-score": 0.5927666106868468,
        "support": 2247417.0
    }
}