{
    "0": {
        "precision": 0.9764360138925995,
        "recall": 0.4633287042105809,
        "f1-score": 0.628451062000508,
        "support": 1735390.0
    },
    "1": {
        "precision": 0.879512026495088,
        "recall": 0.9406769553705603,
        "f1-score": 0.9090668095872017,
        "support": 167692.0
    },
    "2": {
        "precision": 0.7715580205444674,
        "recall": 0.613686493069147,
        "f1-score": 0.683626220748749,
        "support": 160947.0
    },
    "3": {
        "precision": 0.15637459832991218,
        "recall": 0.9521124610116256,
        "f1-score": 0.2686295746998406,
        "support": 183388.0
    },
    "accuracy": 0.5495984946273877,
    "macro avg": {
        "precision": 0.6959701648155168,
        "recall": 0.7424511534154785,
        "f1-score": 0.6224434167590749,
        "support": 2247417.0
    },
    "weighted avg": {
        "precision": 0.8876152482904547,
        "recall": 0.5495984946273877,
        "f1-score": 0.6239794171327626,
        "support": 2247417.0
    }
}